Epochs,Training Loss,Training Accuracy,Training Avg Loss (so far)
1,1.3728300333023071,0.364967327469739,1.3728300333023071
1,1.367461919784546,0.3729100033803979,1.3700565068074089
1,1.368801474571228,0.3682615916333759,1.369588844803101
1,1.354942798614502,0.4321564959862821,1.3660178783856407
1,1.3575915098190308,0.39222304547075987,1.364430057293261
1,1.358595609664917,0.42273961751725575,1.363534526949603
1,1.3391262292861938,0.4751550502067319,1.3608500213734116
1,1.3314560651779175,0.5143154006003224,1.3552956900801318
1,1.324649691581726,0.560180002686606,1.3515191050930413
1,1.316735863685608,0.597990357612453,1.3465043698168018
1,1.3074650764465332,0.6545323817639522,1.3433136034871374
1,1.2915740013122559,0.6917980242543098,1.338954524594069
1,1.2964075803756714,0.6909012619654842,1.3365596877917314
1,1.2950341701507568,0.6994235710813227,1.334441188677097
1,1.2694991827011108,0.7538917716827261,1.329887128157364
1,1.2723394632339478,0.8003600641853517,1.3275664694159246
1,1.2537189722061157,0.8437794040773632,1.3233228549973428
1,1.2451739311218262,0.8037246759783545,1.3189419353708
1,1.2515383958816528,0.8254192309863903,1.3157368417192992
1,1.2402902841567993,0.8021470706774602,1.313073405794286
1,1.232771873474121,0.8102776250029871,1.3089455920320368
1,1.2268491983413696,0.8871716768201315,1.3050918429093263
1,1.2182796001434326,0.9015028564009333,1.2992887880369777
1,1.2083890438079834,0.9258616930608676,1.2903146662119762
1,1.202876091003418,0.9280695980654472,1.284727183823013
1,1.195825219154358,0.9383101694659469,1.2796475632194402
1,1.1885427236557007,0.9517265727903521,1.2742066483253385
1,1.1990948915481567,0.9017502706604087,1.2722192603967906
1,1.1870476007461548,0.86628406474449,1.2702036624882262
1,1.1694815158843994,0.9575823002838347,1.2641841094693411
1,1.1892914772033691,0.8334810350939358,1.2623499612656772
1,1.1701998710632324,0.9485669082227953,1.2579549230351155
1,1.163116693496704,0.9522608978529592,1.2527538489453398
1,1.1697275638580322,0.9241670139995564,1.2506366247594864
1,1.1649987697601318,0.8699423924093508,1.2482942735771356
1,1.1696971654891968,0.9294132344979764,1.2471663223195875
1,1.154370665550232,0.9568333388632637,1.2455231364737016
1,1.140114188194275,0.9632407112147159,1.240206594288968
1,1.13896644115448,0.9559464742144028,1.2352309387286937
1,1.132667899131775,0.9645212765957429,1.2322708043408057
1,1.132643461227417,0.9651063061436359,1.2289903053098026
1,1.1258054971694946,0.9506382430051125,1.2266331338646372
1,1.1386679410934448,0.932290080983983,1.2252461721173913
1,1.1255154609680176,0.9589817761064479,1.2236223281085095
1,1.1355314254760742,0.9181916038751297,1.22285963525552
1,1.1187398433685303,0.8966902900562546,1.2214789220550968
1,1.1190247535705566,0.948441475826969,1.220012570248445
1,1.0931956768035889,0.9647171071462628,1.2170527215455902
1,1.0992133617401123,0.9105069073696931,1.2150953255777879
1,1.096690058708191,0.9790299051786998,1.21230185240966
1,1.091234803199768,0.9763072574611328,1.210454907102733
1,1.0900843143463135,0.9372633596932618,1.2093559894305668
1,1.0772649049758911,0.9651823095074964,1.2058618025715668
1,1.0662962198257446,0.9730965275565451,1.2024241901968902
1,1.0679867267608643,0.9603400118496295,1.1981971211360334
1,1.0838327407836914,0.8928265139568957,1.1965649049668758
1,1.1036415100097656,0.8544830371567009,1.1957051509289964
1,1.078199863433838,0.8823445555845925,1.193854247218081
1,1.063432216644287,0.9463336736563759,1.1920437875295649
1,1.0566126108169556,0.914872946307129,1.189765443085335
1,1.0372254848480225,0.9790988056460355,1.1862642614258376
1,1.0482800006866455,0.9190225852304755,1.184127839757774
1,1.039283275604248,0.9769199429619047,1.1817241448469036
1,1.0336068868637085,0.9823433669159589,1.1793187624998978
1,1.0436784029006958,0.9340288998661146,1.1783020883372644
1,1.0315765142440796,0.9632711874375082,1.176666776683696
1,1.0459747314453125,0.8857898877208007,1.1754862114221205
1,1.0123660564422607,0.9821983152339369,1.1729121437910295
1,1.0261147022247314,0.9265566625155638,1.1714072498635055
1,1.0280500650405884,0.9637328466166398,1.1700870345687016
1,1.007296085357666,0.9403728475878721,1.1686048201413963
1,1.0057165622711182,0.9544920138789293,1.166871501664498
1,1.004246473312378,0.9253417152084868,1.1651642902288726
1,1.012352466583252,0.9450353892820994,1.1640340316830244
1,0.9994666576385498,0.9375438596491197,1.1625471897620203
1,0.9788335561752319,0.972247332151535,1.1580338864084736
1,0.9813618063926697,0.9506053064495679,1.1567686733611142
1,1.004683256149292,0.9450771582113053,1.1558886536935276
1,0.9687976837158203,0.9741486388572586,1.153826571700101
1,0.9537768959999084,0.9849483287138144,1.1507612533333613
1,0.964703381061554,0.9567709895677068,1.1491446562185021
1,0.9491878747940063,0.9680624168292096,1.14329105708425
1,0.9367511868476868,0.986069317095619,1.1401797615114981
1,0.9446690082550049,0.9743787715626694,1.1376640148771784
1,0.9532400369644165,0.9290284787310721,1.1355177446560603
1,0.9471570253372192,0.9411709070273294,1.1344441877066227
1,0.9468903541564941,0.9491966887587978,1.1326011894135872
1,0.9484873414039612,0.9419077609394446,1.13119058944317
1,0.9324217438697815,0.940485449912831,1.1293385035894132
1,0.9097374677658081,0.982872885600892,1.1265061784428854
1,0.9027977585792542,0.9846303540578626,1.1237436198543767
1,0.9078719019889832,0.9643992371265065,1.1221962889144583
1,0.8909063935279846,0.9709029643458847,1.1174224743744712
1,0.9154719114303589,0.9140013054830262,1.1156784306057042
1,0.8843525648117065,0.9663058659217865,1.1114370222450836
1,0.8911296129226685,0.9631991008100442,1.1088449354393297
1,0.8775081038475037,0.9698322636653925,1.1070793242992438
1,0.8785260915756226,0.9645488197099327,1.1029298610946563
1,0.8882138729095459,0.9321203136954835,1.1009552732514771
1,0.8736411929130554,0.9447315899902744,1.099018980091604
1,0.8559935092926025,0.9615077754293619,1.0953228039398286
1,0.8671826124191284,0.9372672880877155,1.0934298850890565
1,0.9146250486373901,0.9155086158977164,1.0926818091047867
1,0.8384393453598022,0.9803580488511977,1.089766325619048
1,0.8509229421615601,0.965027297950414,1.0875538999535557
1,0.834381639957428,0.9718674767855073,1.0852675902627675
1,0.8329426050186157,0.9795612708018139,1.0819064370773237
1,0.8355494737625122,0.9433156251711459,1.08001297928761
1,0.8518958687782288,0.925812901189095,1.0787109456103552
1,0.8568805456161499,0.9227386934673354,1.0755953988403069
1,0.8117126226425171,0.9804823415216889,1.0721763933360924
1,0.8083627223968506,0.9674070560956947,1.070209326247832
1,0.7980113625526428,0.967651829158404,1.0683889448361206
1,0.7867797613143921,0.9819339136946535,1.0649911149412934
1,0.7754314541816711,0.9859073850616057,1.0601464769945788
1,0.8083997964859009,0.9589410064380489,1.0566440549453644
1,0.7960178256034851,0.9700204049599711,1.0553688345316694
1,0.8360605239868164,0.9203348246500184,1.0542625218762474
1,0.8186628222465515,0.9101893373193793,1.0528929764979047
1,0.7848668694496155,0.9456407630264986,1.0509814883433506
1,0.7901485562324524,0.9454083938940822,1.0496398267454534
1,0.7667816281318665,0.9466934118974476,1.045690497476847
1,0.7727839350700378,0.945194236731714,1.0435986859352686
1,0.7819098234176636,0.9559148142390769,1.0421324992706102
1,0.7498188018798828,0.9636469799528535,1.0397938054138711
1,0.758250892162323,0.9367879456082298,1.0379531282704277
1,0.7113144993782043,0.9782876258402489,1.0327496875173057
1,0.7084541320800781,0.9765869174388038,1.0288687947139779
1,0.7457393407821655,0.9575332783602295,1.0257181484611038
1,0.7362989783287048,0.9304349606815183,1.023367394768323
1,0.7002145648002625,0.9824973175965643,1.0210027449125445
1,0.7006397247314453,0.9820591081664545,1.0168907987143592
1,0.7887569069862366,0.9363498931345414,1.0161941653080317
1,0.714942455291748,0.9644247943079642,1.014557814278764
1,0.6923628449440002,0.9673020959356474,1.01292830529932
1,0.7006198167800903,0.9570642562389436,1.0114306949742347
1,0.7280038595199585,0.9482216582705165,1.0102609268614264
1,0.7020736932754517,0.9389705658539526,1.008609570916313
1,0.7391688823699951,0.904611476584378,1.0073259176047824
1,0.6733899712562561,0.9577316265854273,1.0054830272580095
1,0.6548881530761719,0.9589367600196884,1.0013858755139327
1,0.6560398936271667,0.963384378475487,0.9994661960606316
1,0.6956537961959839,0.9406438296880691,0.9980913641503143
1,0.6564218401908875,0.9668916575514207,0.9961566716647609
1,0.6806759834289551,0.9431821704224886,0.9946370686058882
1,0.6279552578926086,0.9648760330578492,0.9919589448112148
1,0.6598296165466309,0.9617778812030922,0.9902725844713054
1,0.6340284943580627,0.9698299587914117,0.9867980541884221
1,0.690299391746521,0.9459280303030274,0.985431720883493
1,0.6743086576461792,0.9273570324574929,0.9841794008418365
1,0.6304169297218323,0.957942359249327,0.9822712318694924
1,0.5991907715797424,0.9855811403508754,0.97924854869421
1,0.6291866898536682,0.9696728097881054,0.9775994482347085
1,0.5940151810646057,0.9824073093620933,0.9740507611938909
1,0.6230085492134094,0.910103045184578,0.9694310432144492
1,0.6315087676048279,0.9391417632670399,0.9676716014269697
1,0.5716291069984436,0.9695857172142595,0.9619140536157724
1,0.5556252598762512,0.9824047818192936,0.9565882832718182
1,0.6086435914039612,0.961147620786172,0.9550565784414564
1,0.5906167030334473,0.965019513314965,0.9533629079519198
1,0.5824092030525208,0.968497998491614,0.9516685346186236
1,0.5484392046928406,0.9863055942618258,0.9470660368739752
1,0.5408167839050293,0.9835650287066924,0.9420266571299963
1,0.5470229387283325,0.9827606048749028,0.9397990988092022
1,0.5684064030647278,0.9699579120506945,0.9387611721121416
1,0.5765933394432068,0.9446968200671512,0.9371184607343258
1,0.5236615538597107,0.9864481003669053,0.9344498997548338
1,0.5526204109191895,0.9618121357313943,0.9331023241353457
1,0.5119684338569641,0.9788265354049627,0.9275350271125478
1,0.49412867426872253,0.9810117310314507,0.9228143985193251
1,0.523057758808136,0.9658687068114487,0.9208254288312986
1,0.5285229086875916,0.954410914163233,0.9194173837975884
1,0.5403937101364136,0.9411111604565399,0.9183227504650251
1,0.5046088695526123,0.9729312040462675,0.9161732154566299
1,0.5027784705162048,0.9586918329654467,0.9139560079658445
1,0.5001277923583984,0.9672543519878879,0.9117169429725149
1,0.495633065700531,0.9632004073414008,0.9095698793859989
1,0.503254771232605,0.9678088950896623,0.9080805609708539
1,0.502614438533783,0.9630082436775153,0.9066369098312197
1,0.5302848815917969,0.943395556817372,0.9053650322188157
1,0.48668569326400757,0.9730420227292721,0.903656723558794
1,0.5006353855133057,0.9579737151824221,0.9017257601265345
1,0.48074018955230713,0.9581730260139038,0.9003355310749768
1,0.47392693161964417,0.9655279641064326,0.899157971528177
1,0.49052736163139343,0.9656941327348466,0.8981244248841199
1,0.4949917793273926,0.9537742325672597,0.896695034756545
1,0.4208334684371948,0.9810764138724984,0.8921715491247498
1,0.4480130672454834,0.9721956304380177,0.8897849780356906
1,0.45745837688446045,0.9641710427606872,0.8881492931864504
1,0.43129482865333557,0.9738386189506328,0.8860200445435359
1,0.46733343601226807,0.9452356652440134,0.883952128232302
1,0.44531166553497314,0.9685623072344544,0.8820501728415509
1,0.4389157295227051,0.9406873614190677,0.8776432360359726
1,0.4022875130176544,0.9792109929077999,0.8741248385484675
1,0.42855018377304077,0.9623259899986453,0.8726792409193991
1,0.410083532333374,0.9675332046770326,0.8704539491825942
1,0.4798070192337036,0.93856447688564,0.8696167497271398
1,0.4130988121032715,0.9651840929597911,0.86516307866305
1,0.4604109525680542,0.9555983551090472,0.8643276112500067
1,0.4498617649078369,0.9769886512211654,0.8634786815701248
1,0.39439699053764343,0.9824465036301084,0.8613770740509679
1,0.40494370460510254,0.9849483766637617,0.8594236237794287
1,0.37958741188049316,0.9797214526676825,0.8567017615563264
1,0.43001043796539307,0.9541369374313908,0.8553684915301167
1,0.3862376809120178,0.9712150780608028,0.8534490398449271
1,0.4020915925502777,0.9675612144955889,0.8521822538512045
1,0.3404877185821533,0.9855277043046843,0.8483205239399711
1,0.344515860080719,0.9813010489655437,0.8457828650502537
1,0.3436088562011719,0.9769669050794015,0.8431999485626994
1,0.35108280181884766,0.9694016720284006,0.8384017791787436
1,0.3833250105381012,0.9497540746455758,0.8364852681126008
1,0.4084714651107788,0.9421334567819558,0.835175375742143
1,0.4062689244747162,0.9275404539315105,0.833513588561871
1,0.3714894652366638,0.9584906603985872,0.8316250620232783
1,0.42379316687583923,0.937838746271163,0.8296482246995615
1,0.42277219891548157,0.9477525527211449,0.8284360977239722
1,0.36922532320022583,0.9431977237787098,0.8245047283510767
1,0.37066367268562317,0.9511595680706958,0.8227653044764751
1,0.3204555809497833,0.9815412220589058,0.8201797605988905
1,0.42713040113449097,0.9209879183149766,0.8187201155088561
1,0.3376184105873108,0.9734921657007908,0.8174136494093607
1,0.33090898394584656,0.9783753058349579,0.8155010800907667
1,0.32953962683677673,0.9716681025912886,0.8140866340274376
1,0.3570541739463806,0.9579075251911647,0.8122056177662959
1,0.33881324529647827,0.9674094167796902,0.8110351560348386
1,0.31564921140670776,0.9791956201305517,0.8087800996265189
1,0.29818761348724365,0.9821199788981818,0.8061792168910642
1,0.2893497049808502,0.9849790691947784,0.8020433997524213
1,0.28214409947395325,0.98527559055118,0.7977415049905423
1,0.34390029311180115,0.960916182023646,0.7962024906682243
1,0.3171573281288147,0.9622714708307042,0.794336328041766
1,0.31736308336257935,0.9658164780413735,0.7929986913034314
1,0.38540562987327576,0.9253157605711116,0.7919005065920066
1,0.30799755454063416,0.9721853505490508,0.7896691368144789
1,0.382815957069397,0.9018148351470906,0.7873805661572145
1,0.3297197222709656,0.9530058651026359,0.7862443744538058
1,0.348135381937027,0.9357209792667185,0.7848820300748698
1,0.275322824716568,0.9748965195592596,0.7809638553546018
1,0.3387526273727417,0.9393656280655838,0.779232958939619
1,0.24965715408325195,0.9827862168936662,0.7745722171285082
1,0.2651976943016052,0.9779333882546761,0.7722634528773938
1,0.24197593331336975,0.9840213278293757,0.7695181264929114
1,0.2858375310897827,0.9668854137577935,0.7676591743932001
1,0.2813667356967926,0.9694680615695789,0.7663115397439829
1,0.24524079263210297,0.9843800728689424,0.7637680508457214
1,0.24821174144744873,0.9878218766047955,0.7619228659955791
1,0.2848931849002838,0.9686895595372734,0.7607933751308534
1,0.316569983959198,0.950730014937597,0.7591975432945263
1,0.23782417178153992,0.9884354157743356,0.756993095852567
1,0.2998844385147095,0.9576539303966869,0.7558635879159595
1,0.2584681510925293,0.9800882167611821,0.7541727912769652
1,0.2983461916446686,0.9672233340988846,0.7529869853479327
1,0.24081221222877502,0.9817982922604743,0.7501434115223211
1,0.2608894109725952,0.973029265365196,0.7489133256329993
1,0.2603478729724884,0.9816177662506047,0.747642683782967
1,0.2151932269334793,0.9861325405486754,0.7452449180836559
1,0.2492436319589615,0.9736058582119552,0.7436975223284716
1,0.24704785645008087,0.9674858347608349,0.7424402153945855
1,0.2619289755821228,0.9658970557085337,0.7409039244969651
1,0.2103593945503235,0.9898279074865702,0.7388808152450997
1,0.25236746668815613,0.969360838687856,0.7376927915290566
1,0.2308923602104187,0.9716447708266422,0.7347266214096171
1,0.26233816146850586,0.9657694382830736,0.7334321322858168
1,0.24205300211906433,0.9761679258166098,0.731575835413447
2,0.1952953040599823,0.9876710595296184,0.1952953040599823
2,0.24874305725097656,0.9664078463424562,0.21155344301751622
2,0.19871486723423004,0.9826988825405544,0.20701345122672993
2,0.20470353960990906,0.9805766090707455,0.20643675130699216
2,0.21168093383312225,0.9796712279002164,0.20792638284964973
2,0.19284819066524506,0.9876384858347613,0.20473880296489114
2,0.218424454331398,0.9757319510005473,0.2061791483998047
2,0.2657926380634308,0.9522382043983149,0.21263423358361674
2,0.198912113904953,0.9801153130249217,0.21115510172917254
2,0.23307715356349945,0.9707296380090474,0.21323682724758505
2,0.22396320104599,0.96262309758281,0.21491417948062308
2,0.1769029051065445,0.9861090388230715,0.21073810121741302
2,0.2315734177827835,0.970318500112939,0.21147048003835583
2,0.1977875679731369,0.9768130517376225,0.21039983779732088
2,0.27828168869018555,0.9568789603694504,0.21220051105992094
2,0.23022784292697906,0.9587738063095786,0.21336981951896922
2,0.20698413252830505,0.9757285366428365,0.21316022542964144
2,0.25638771057128906,0.9491609858416336,0.21522310084944649
2,0.18478617072105408,0.984705453366824,0.21346526520354317
2,0.2175423949956894,0.9651807944592584,0.21380605938332123
2,0.25868818163871765,0.9398079219908035,0.21652573257341204
2,0.26349031925201416,0.9485300965448703,0.21798637759925701
2,0.22197310626506805,0.9680012511729716,0.21810602045707694
2,0.3097672164440155,0.9001577400157709,0.2204450612179153
2,0.25018787384033203,0.9509157509157478,0.22123837871060134
2,0.19354276359081268,0.9728084077070628,0.22010209848334913
2,0.16322553157806396,0.9859873117624451,0.21668120640584052
2,0.16902108490467072,0.9866415482103088,0.21376451073355413
2,0.1619138866662979,0.9890428241011121,0.2121333903678737
2,0.17374937236309052,0.9773284953534497,0.21011545110613863
2,0.1652006208896637,0.9798453245840153,0.20822600790829143
2,0.1657291203737259,0.9822289521502108,0.2060362913763873
2,0.24385547637939453,0.9514347590687575,0.20690712486217366
2,0.2868250906467438,0.9180141382952766,0.20867610231307912
2,0.24741695821285248,0.9235225731447376,0.20984208416576133
2,0.2736189067363739,0.9361472445619856,0.21051966766423785
2,0.2068719118833542,0.9556803781210366,0.21045956607880617
2,0.16260337829589844,0.9802128012512121,0.20933482880805404
2,0.16736528277397156,0.9795804697530388,0.2070252392697437
2,0.17099125683307648,0.9773119245997997,0.20554890787430918
2,0.2500323951244354,0.9334253771551694,0.2062324593577949
2,0.15918885171413422,0.9759553656885391,0.2043357944515677
2,0.21307384967803955,0.958320045921293,0.20446963871536253
2,0.24182263016700745,0.9297163618599795,0.20503192471361878
2,0.16988089680671692,0.9724435515170864,0.20433787568524825
2,0.1691204011440277,0.9712026296358026,0.20367966033796486
2,0.20488348603248596,0.9587732827144354,0.2036973047761431
2,0.1566990613937378,0.9761305554834847,0.20218036958609628
2,0.18146875500679016,0.9722307550531395,0.20190061560863712
2,0.144819438457489,0.9896013864817995,0.20107269901030758
2,0.25904136896133423,0.9480851063829757,0.20179899267636092
2,0.1690451204776764,0.9832697704540514,0.20143537335939996
2,0.20960582792758942,0.9580991902250627,0.20154726996741554
2,0.15721845626831055,0.9775164303009315,0.2008495825155654
2,0.19840295612812042,0.9566911699583698,0.2008283905826796
2,0.16439169645309448,0.9756033578174164,0.20024909392578585
2,0.19780173897743225,0.9715410233121374,0.20021840658178217
2,0.18283024430274963,0.9692757863935605,0.19990749474095418
2,0.16440989077091217,0.9811472480343059,0.19960368630384193
2,0.1887822151184082,0.965348950707658,0.19951581554583048
2,0.1491898149251938,0.9769012213571443,0.19808840145360007
2,0.2019665539264679,0.9536761226023748,0.19813740608332728
2,0.1274334192276001,0.9835730016841547,0.19630696289023108
2,0.20419169962406158,0.9514254460928389,0.1963840600806536
2,0.16794422268867493,0.9802230562431765,0.19602585437320083
2,0.23883086442947388,0.9223215038354537,0.19731760813827715
2,0.13156940042972565,0.9840749243832203,0.19617294956988213
2,0.23291483521461487,0.9351576149814186,0.19663736390616066
2,0.17508986592292786,0.961289770050955,0.19632388493631686
2,0.12934498488903046,0.9837386837698981,0.1956049676912047
2,0.1611482948064804,0.9712938337948592,0.19522837457364717
2,0.144431009888649,0.9786643168041844,0.19466470682742834
2,0.15680554509162903,0.9655615584168289,0.19420019800242552
2,0.17909547686576843,0.964944940523141,0.19405489105822943
2,0.20595024526119232,0.9539718879778486,0.1941849403080167
2,0.2667182385921478,0.927889517100748,0.19485174097931943
2,0.21979372203350067,0.9491921768707458,0.19511948864046783
2,0.18254920840263367,0.9606185791161576,0.19498498723458735
2,0.17507721483707428,0.9638334894927025,0.1947709471528626
2,0.19108283519744873,0.9494236263916682,0.19474043932207064
2,0.15330277383327484,0.9723738374752219,0.19435567990686806
2,0.1299630105495453,0.97487470037045,0.19280733116869012
2,0.18481959402561188,0.9630848621523324,0.1926064972916087
2,0.41500717401504517,0.8773609314359612,0.19457632067221947
2,0.1303420513868332,0.9799383323492737,0.1933622403758498
2,0.13949985802173615,0.979197187225312,0.19290769495591797
2,0.13240934908390045,0.983269934773016,0.19168400428571367
2,0.140579491853714,0.977348794753031,0.19132060131720427
2,0.1197313740849495,0.9904006324289195,0.19071562273989418
2,0.13777951896190643,0.983001468159293,0.19016925304132254
2,0.13807766139507294,0.9839216634429362,0.18986613594012103
2,0.11877601593732834,0.9894378804153214,0.18921933611993916
2,0.11191583424806595,0.9942034779132491,0.1885945613273537
2,0.14588409662246704,0.9723750625255764,0.18816184069518238
2,0.2603472173213959,0.9221917986830924,0.18866512661071153
2,0.20748841762542725,0.9460285596970622,0.18876312270887266
2,0.2236138880252838,0.9387359754621009,0.18906680318018845
2,0.17517255246639252,0.9632587171760634,0.18892115889822714
2,0.11484245210886002,0.9822959224545361,0.18810384301727978
2,0.10652899742126465,0.9811311990189329,0.1862345130431005
2,0.19160997867584229,0.9458686802771793,0.18627189014853868
2,0.11716555058956146,0.9785546802961219,0.18571515324313534
2,0.1054220199584961,0.9835327093448104,0.18471987919065355
2,0.23309899866580963,0.9278799139448441,0.18512933701148218
2,0.18566344678401947,0.9589868552012872,0.18513252758073492
2,0.17425775527954102,0.9486289522843097,0.18494339039949065
2,0.15712951123714447,0.9609759892132942,0.18472523799941995
2,0.18735353648662567,0.9513769765773604,0.1847420047919502
2,0.09700992703437805,0.987989097796459,0.18398772837298863
2,0.11078039556741714,0.9807443027388647,0.18330239027154488
2,0.1268918812274933,0.9734291301760033,0.18278739947752606
2,0.15553949773311615,0.9585517693315828,0.182627739743201
2,0.0989784374833107,0.9851429089097228,0.18192370679142975
2,0.11484546959400177,0.9823065867076349,0.18141180414089553
2,0.25838589668273926,0.9279681949704747,0.18203668870353343
2,0.11211641877889633,0.983482325180374,0.18174927272378466
2,0.09906593710184097,0.9869357435977326,0.18115739247556495
2,0.10327205806970596,0.9874555854060122,0.1804941084435071
2,0.11622471362352371,0.9821962896469159,0.1799409505263099
2,0.18234916031360626,0.9525719190245043,0.1799700906413034
2,0.19942308962345123,0.9521039059060289,0.18008605285866647
2,0.1473715454339981,0.9679455001792723,0.1799152175483432
2,0.09448150545358658,0.9864110690268207,0.17894812506400337
2,0.1821175515651703,0.94619466399495,0.17896383435568602
2,0.12088607251644135,0.9736717889547373,0.1782022727127122
2,0.10543966293334961,0.9773155841003697,0.1775279736471109
2,0.1657758504152298,0.9541901340066009,0.1774440748410785
2,0.0944022610783577,0.9853698354891351,0.17676859028460884
2,0.15448372066020966,0.9660118775696636,0.1766456603103857
2,0.11679165810346603,0.9803172009279645,0.17596868700904017
2,0.1494632065296173,0.9727801455179048,0.17578277927881716
2,0.11300619691610336,0.9771096948985546,0.17512214606370397
2,0.0889870747923851,0.9861299972803896,0.1744030501069149
2,0.10869006812572479,0.9821957611668157,0.17403144079003488
2,0.23490747809410095,0.9309703730358614,0.17437177434596426
2,0.13345058262348175,0.9688368624437854,0.17380420919057293
2,0.10816852748394012,0.9843755401154517,0.17350639336566762
2,0.12188204377889633,0.969104001821596,0.17294682721611254
2,0.21040883660316467,0.9291684837912454,0.173106338817163
2,0.10955806076526642,0.9786719485237783,0.172226357604834
2,0.09176306426525116,0.9841986455981926,0.17143424326657847
2,0.15374769270420074,0.9526367320296976,0.1712412608962438
2,0.1592617928981781,0.960173962066603,0.17115143269054403
2,0.08500420302152634,0.9853413850199653,0.17037719254109468
2,0.16799433529376984,0.9479059916649555,0.1703664899788128
2,0.22153031826019287,0.926822983767067,0.1705689122209386
2,0.13833893835544586,0.9643941804298123,0.1704047726652001
2,0.08254393935203552,0.9866311721367929,0.16933468710654068
2,0.18261298537254333,0.9474291047849096,0.169403656498676
2,0.13050933182239532,0.9585239574508124,0.16911090861432282
2,0.14116732776165009,0.9734312416555375,0.1689914134722515
2,0.12923969328403473,0.9575136424083988,0.16874906403809245
2,0.1529701203107834,0.9609687198566869,0.16868521857848065
2,0.088842011988163,0.9898320575802553,0.1682970423346901
2,0.09468791633844376,0.9839179746479828,0.1680080412336055
2,0.272784560918808,0.9158356817689114,0.168548012191674
2,0.20749524235725403,0.9275889209549832,0.16869028259444374
2,0.1300651580095291,0.9659848085111593,0.16826658873896086
2,0.113685242831707,0.9752611597727091,0.1676805888115799
2,0.18443536758422852,0.9379493207227375,0.16776236922659313
2,0.2257440835237503,0.9270484645611959,0.16798394461854843
2,0.119225412607193,0.9636959144974971,0.16779719657146075
2,0.15317049622535706,0.9609537820277033,0.16773142068435276
2,0.11967876553535461,0.97212092130518,0.16746451507585963
2,0.08875228464603424,0.9829153669348208,0.16647821919457775
2,0.09440326690673828,0.9813812687526763,0.1661297862551001
2,0.2122294157743454,0.9513578151519791,0.166282771493229
2,0.19667887687683105,0.9476847938386356,0.16636526798637835
2,0.08975116908550262,0.9835633022396731,0.1657433930628319
2,0.09457146376371384,0.9777254671178431,0.16543573976430714
2,0.11904356628656387,0.9706238859180002,0.16526395141270347
2,0.08992214500904083,0.9728509440600426,0.16478066692492263
2,0.13546493649482727,0.9672294202329512,0.16463894925158232
2,0.1166355237364769,0.9742579238638241,0.16442256741658148
2,0.09318224340677261,0.9749021154333652,0.16411109747701708
2,0.148357093334198,0.964233576642333,0.16404213160230602
2,0.14879094064235687,0.9653187635131159,0.16397825330673907
2,0.07689367979764938,0.987760365972355,0.16353984118487327
2,0.08431024104356766,0.9807854952954831,0.1631770925778192
2,0.08731430023908615,0.979971429833732,0.16256251392565366
2,0.07964339852333069,0.9818089944416348,0.16215010198490648
2,0.1321249157190323,0.966757852077,0.16180193435681142
2,0.09491828829050064,0.9778190960037684,0.16149962234497697
2,0.15499034523963928,0.9549398426654299,0.16147201733197514
2,0.08768050372600555,0.9833906777096607,0.16071362766608038
2,0.07760979235172272,0.9855646033824924,0.1603746430138562
2,0.1370490938425064,0.9635220613915909,0.16030561453993455
2,0.1376544088125229,0.9641645895476609,0.16024221082407605
2,0.14631500840187073,0.9597154777374977,0.16019560032160907
2,0.10739196091890335,0.9788289778365832,0.15998608192240957
2,0.08537334203720093,0.9807633529456703,0.15911127455287224
2,0.10130180418491364,0.9761950378388689,0.15896869679750109
2,0.10267716646194458,0.9758350479359061,0.15881748438259163
2,0.06722702085971832,0.9869685662596082,0.15845377022963258
2,0.12146932631731033,0.9709759055201113,0.15829805126439778
2,0.10862429440021515,0.9746998150296237,0.15812251904676033
2,0.08504200726747513,0.9806381828015132,0.15745975975256973
2,0.0638611689209938,0.9881469037285905,0.15680822930410587
2,0.08209346979856491,0.9816750331863455,0.15628235217216907
2,0.12481872737407684,0.9638146730798477,0.15599608022523878
2,0.07270288467407227,0.9835523179313097,0.1550751948688888
2,0.0712483823299408,0.9869397480993974,0.15430437965381485
2,0.10280392318964005,0.9761007805671891,0.15412529251870832
2,0.23556344211101532,0.9207264027838165,0.1544382368955808
2,0.11007266491651535,0.972231637050305,0.15424757596820973
2,0.1347547024488449,0.9613133660383814,0.1542008005962892
2,0.19649671018123627,0.9383482732458455,0.154358629394925
2,0.11083432286977768,0.9660735190821799,0.15416729643963437
2,0.12867939472198486,0.9575124614289084,0.1540463083808007
2,0.14043761789798737,0.9572010415971124,0.1540041625932991
2,0.08751761168241501,0.9791666666666655,0.15341053261530044
2,0.26558032631874084,0.9059942865443255,0.15387756732263813
2,0.21499019861221313,0.928276940574351,0.15414033159625998
2,0.0773724764585495,0.9849974011246019,0.15381397685585937
2,0.13552652299404144,0.9581668098457365,0.15376294618652406
2,0.13322629034519196,0.9643154514095368,0.1536913128224526
2,0.13407564163208008,0.9601073345259358,0.15363727652530215
2,0.15266470611095428,0.9534921885256632,0.15363435344739396
2,0.13826601207256317,0.9642012833502167,0.15357827950511332
2,0.11811432987451553,0.9596843615494963,0.15336250115517347
2,0.14858749508857727,0.9551057302509013,0.15334551885680986
2,0.09654685109853745,0.9801230477993339,0.15318680191590156
2,0.13751551508903503,0.9579194843617895,0.1531295768060408
2,0.1463908553123474,0.9502928870292856,0.1531101806611316
2,0.08605316281318665,0.9803600654664444,0.15295704629010048
2,0.07402310520410538,0.9832617829740569,0.1526237711767885
2,0.08331092447042465,0.9808288899660664,0.15235145694303076
2,0.08551236987113953,0.9787751791266718,0.15183986637857366
2,0.18549798429012299,0.9360104222545764,0.1519642737045741
2,0.15454833209514618,0.9486489025268469,0.15197240152023717
2,0.09353912621736526,0.9750982961992098,0.15183489916764425
2,0.07289951294660568,0.9818741034306682,0.15123436219090564
2,0.1025690957903862,0.9699427618143613,0.1510748852515861
2,0.10706508159637451,0.9657274601520739,0.1508911960059712
2,0.09668980538845062,0.9739480604865193,0.15070879832003223
2,0.07043918967247009,0.9820417772879803,0.15041274110466754
2,0.11261838674545288,0.9641908376253701,0.15028548106665193
2,0.11830861866474152,0.9677380033318396,0.15021393540381456
2,0.1442531943321228,0.949612779883993,0.1501969629846868
2,0.07525940239429474,0.9824443814286793,0.1499338144307921
2,0.06534454226493835,0.9855320213475637,0.1493892923136031
2,0.09972989559173584,0.970950374912573,0.14911792692620668
2,0.06660182774066925,0.9894133443503382,0.14883235557799085
2,0.15293560922145844,0.9477313474003543,0.14884070807911368
2,0.06801508367061615,0.9903306184685151,0.14864825043777688
2,0.15985049307346344,0.9421258558852261,0.14867385418745113
2,0.07555142790079117,0.9848710548366029,0.14853529555313558
2,0.13170701265335083,0.9569719117225532,0.14849179524625414
2,0.06843622028827667,0.9844602107269524,0.14822540707332907
2,0.06808315962553024,0.9850676621558535,0.14796925422692972
2,0.1570415496826172,0.9452841596130558,0.14799025183723483
2,0.10475099831819534,0.967343166678866,0.1475832716014517
2,0.10246220976114273,0.9723101981721082,0.14745211500908575
2,0.06666936725378036,0.9839119051901573,0.14710153806459525
2,0.08507276326417923,0.9753938380036213,0.1469491969372913
2,0.05561652034521103,0.9881484407792376,0.14663112082445018
2,0.08305373042821884,0.9822504268273009,0.14645482083915065
2,0.18447475135326385,0.9427174694464386,0.14656736095664255
2,0.07500389218330383,0.9807645483321143,0.14617240310070295
2,0.09249300509691238,0.9686202266837326,0.14602778273669545
2,0.19870862364768982,0.925122292103421,0.1461545587556302
2,0.11651568114757538,0.961879170177394,0.14604559504927936
2,0.11158256977796555,0.9706343189284786,0.14592984052206706
2,0.07772043347358704,0.9771893346379619,0.1457443100205765
3,0.09138836711645126,0.9734514460317872,0.09138836711645126
3,0.05811941996216774,0.9865891603753081,0.07946347355447571
3,0.24730771780014038,0.9237101791268879,0.12045491906157071
3,0.06127367913722992,0.9866813378263737,0.10728993563150988
3,0.06544692814350128,0.9831322393822369,0.09996091798466358
3,0.10574398189783096,0.973279788212594,0.10152784660460813
3,0.07744588702917099,0.9798251402177482,0.09778317981117207
3,0.12121178954839706,0.9554501315740672,0.09938180528933412
3,0.08441174030303955,0.9829081357273903,0.09844399139991994
3,0.07213187962770462,0.9829459640879321,0.09588381029832435
3,0.08051425218582153,0.9762805738071468,0.09426688568296773
3,0.11302932351827621,0.9614644014916982,0.09559267809113177
3,0.09031481295824051,0.9781730498230641,0.0953219953849515
3,0.0858340635895729,0.9811467263014009,0.09485473835785557
3,0.08815641701221466,0.9801571709233744,0.09465320490599029
3,0.0748908668756485,0.9796587926509174,0.09255295235425959
3,0.13278597593307495,0.9574354543606399,0.09454858194382039
3,0.06733682751655579,0.9798622249830785,0.09131189145128922
3,0.0779937133193016,0.9774422547149809,0.09005718272808909
3,0.05447876825928688,0.9906000175700577,0.08887052556378519
3,0.0695369765162468,0.9810874046014122,0.08821853350729575
3,0.0520235113799572,0.986996914817589,0.08638165376055561
3,0.10387443751096725,0.9694446904614266,0.08691681159935499
3,0.08527661114931107,0.9778024685394049,0.08686025896328316
3,0.16180293262004852,0.9446510748282136,0.08879213018864598
3,0.09432634711265564,0.9750238686270729,0.08891304662517953
3,0.05105866491794586,0.988950179493913,0.08728134305371674
3,0.0865471139550209,0.9761104172671056,0.08726404921939629
3,0.11084706336259842,0.966773083367295,0.08870622578663599
3,0.1221228539943695,0.958693347894514,0.08941632329014598
3,0.10442527383565903,0.970277529095788,0.08965316814429947
3,0.2402641773223877,0.9306074879813506,0.09371175145066653
3,0.094545878469944,0.9704991494128835,0.09372531408753909
3,0.06803537160158157,0.982554210242957,0.09236893177002363
3,0.085780069231987,0.9768375356803015,0.0922346815085279
3,0.0813731700181961,0.9744894303117139,0.09196968982306102
3,0.12097793817520142,0.9590470898064679,0.092653211330049
3,0.14706803858280182,0.9508209039335728,0.09346417956574878
3,0.07104683667421341,0.9773122383768917,0.0922491714715304
3,0.10264143347740173,0.9641179274188025,0.09240796682790221
3,0.11287138611078262,0.9594067731824748,0.09268289602671942
3,0.09033475071191788,0.9706824204946969,0.0926392681782333
3,0.09700731933116913,0.970128347123588,0.092709022276683
3,0.13010241091251373,0.9489250059627212,0.09325419501880307
3,0.12290112674236298,0.9527005433045671,0.09370777206928664
3,0.07103482633829117,0.9821236474087168,0.09336862828203818
3,0.05174670368432999,0.9878504006276873,0.09254800591172803
3,0.06369136273860931,0.9807302457172113,0.09195813351694557
3,0.09234144538640976,0.9700015607928798,0.09196372913341763
3,0.061780065298080444,0.9816393280142698,0.09142281041239023
3,0.058940209448337555,0.9820306694588912,0.09079922559673459
3,0.10843778401613235,0.9664479902151527,0.09108211118356978
3,0.08137950301170349,0.9756290343828186,0.09095655009101256
3,0.0847586989402771,0.972885551148986,0.09086392015355892
3,0.08595193177461624,0.9725166778211943,0.09076988466337792
3,0.04389839991927147,0.9900171003373827,0.08995473530261666
3,0.06247665360569954,0.983837551003149,0.08896115200731267
3,0.08799981325864792,0.9757861217991212,0.0889501644652802
3,0.11315560340881348,0.9634543712064721,0.08937532569595713
3,0.05142009258270264,0.9865169532735047,0.0887433701305446
3,0.12224466353654861,0.962469774886759,0.08910089511040008
3,0.09408511966466904,0.9691985930221481,0.08917718208146717
3,0.09472616761922836,0.9717710414314212,0.08922234878474725
3,0.08135420829057693,0.9835951262477944,0.08914713848591019
3,0.09278196096420288,0.9703921121623134,0.08919208353167338
3,0.08574096858501434,0.9715574251984898,0.08912987961455142
3,0.08655783534049988,0.972314578005112,0.08910273012810238
3,0.11150093376636505,0.9609987691225569,0.0893257174138737
3,0.06834813952445984,0.982661574027538,0.08905105896128196
3,0.05743994563817978,0.9867971901712388,0.08868639728578907
3,0.14370036125183105,0.9469530264354635,0.08929119295482875
3,0.0531391017138958,0.985690443812584,0.08820106680133413
3,0.13060727715492249,0.9574342023200669,0.08862196110440916
3,0.05314861610531807,0.9857478799971477,0.08801115174283036
3,0.07038358598947525,0.9756988813414913,0.0877735877574487
3,0.06220000982284546,0.9880660954712333,0.08752509958718753
3,0.13245582580566406,0.9452911992133364,0.08868076414852435
3,0.05161113291978836,0.9857300506107519,0.08812073641210218
3,0.06538647413253784,0.9806393253672969,0.08768826391950267
3,0.0738680511713028,0.9828145099048059,0.0876138208461325
3,0.27939656376838684,0.9103037951861513,0.08999209877581653
3,0.10637277364730835,0.9679682985222474,0.09031034793528056
3,0.09879957139492035,0.9671941852672808,0.09052517138911183
3,0.25385668873786926,0.9053191489361674,0.09192490014617032
3,0.15410184860229492,0.9379064725921313,0.09255519816772201
3,0.0745747908949852,0.9890665842210264,0.09239180509236256
3,0.10449349135160446,0.9699308336366922,0.09251764360943933
3,0.10650647431612015,0.9758359253499203,0.09269848156529935
3,0.10668669641017914,0.9721366015949875,0.09284068896750314
3,0.11764413863420486,0.9671004842614982,0.09304431162168506
3,0.09758017957210541,0.9783649614477327,0.09310607569826808
3,0.08298273384571075,0.9843891570738939,0.09294530968275856
3,0.11844845116138458,0.9688585999909692,0.0930784229166617
3,0.09409242123365402,0.9753396479142724,0.09308842202353627
3,0.11600028723478317,0.9755834696001153,0.09323161822533015
3,0.09658906608819962,0.9771256415978549,0.09325934117778079
3,0.2053227722644806,0.9265154332465567,0.093949736746764
3,0.10969919711351395,0.9689227106538538,0.0941181734114968
3,0.3212452530860901,0.9151066856329988,0.09599692609270527
3,0.12344861775636673,0.9610666125925127,0.0961176715490963
3,0.0827423483133316,0.9790834675551022,0.09598298611978773
3,0.1471802443265915,0.9589830682929291,0.09620161329446754
3,0.09800846874713898,0.9729315480493913,0.09621527611226499
3,0.08909261971712112,0.9749457766606511,0.09613854855339377
3,0.12393918633460999,0.9550663998544626,0.09631119560156853
3,0.14736126363277435,0.9407605220596498,0.09660198459736997
3,0.08460159599781036,0.9747954605436765,0.09650475733893175
3,0.0750509575009346,0.9800025224568716,0.0961865590541108
3,0.10830589383840561,0.9599131978694003,0.0963139812179385
3,0.07557915896177292,0.9822073233625571,0.09587655699572889
3,0.060052718967199326,0.9872426937738221,0.09559101128723167
3,0.08997847884893417,0.9746192893400991,0.09554508692538173
3,0.05601814016699791,0.9868517041887909,0.09508198613484031
3,0.15358279645442963,0.9494079006839998,0.09547963652319809
3,0.09319555014371872,0.9739789119304211,0.0954606501483704
3,0.11984984576702118,0.960401858174285,0.09562878374800529
3,0.0813676118850708,0.9699946205494989,0.09549184869657919
3,0.13784536719322205,0.9565185528983536,0.09582058869134372
3,0.07926981896162033,0.9728792858810622,0.09564914909782966
3,0.05466349422931671,0.9851134327884951,0.09517335089472433
3,0.10883596539497375,0.9653163152053241,0.09524946369190204
3,0.062401413917541504,0.9787791257461949,0.09493749409534523
3,0.08167673647403717,0.9788454869321197,0.09486137215488326
3,0.07983818650245667,0.9748305382267926,0.09476100672014574
3,0.22602419555187225,0.9175455729166637,0.09548432880037977
3,0.07775262743234634,0.9741931302657149,0.09524385197637539
3,0.10185526311397552,0.9668439515672704,0.09527621032259649
3,0.08042658865451813,0.970158240805412,0.09516864056912819
3,0.09590541571378708,0.9741169305724694,0.09517247868470223
3,0.10847243666648865,0.9684493028735978,0.09524371745312393
3,0.0850595235824585,0.970875892258546,0.09515448675740246
3,0.06157825514674187,0.9853461657870206,0.0948770173719035
3,0.08651051670312881,0.9758113802309468,0.09483098365782734
3,0.10746895521879196,0.9622111066486512,0.09488906506433728
3,0.08136321604251862,0.9733957966218207,0.09483373073753877
3,0.0667753517627716,0.9805590509989099,0.09450751941616045
3,0.08180034905672073,0.9793801174604514,0.09440988931404043
3,0.07014595717191696,0.9798423600130348,0.09408634658509603
3,0.07654429227113724,0.9728559257856849,0.0939661334973161
3,0.04969807341694832,0.9851985943988908,0.09356473062743184
3,0.06614606827497482,0.9821709370086,0.09337659027434024
3,0.1696012020111084,0.9419148586069886,0.09388751971837603
3,0.044123344123363495,0.9891326449922031,0.0935407172232775
3,0.07583726942539215,0.9774306189242119,0.09331778455848949
3,0.08946714550256729,0.9707134140897021,0.09329699800838646
3,0.05515617877244949,0.9836751582174317,0.09268794684821079
3,0.1030958816409111,0.9641530233127794,0.09272616035066898
3,0.048431381583213806,0.9849933202765263,0.09222116432806943
3,0.09032603353261948,0.9659807995008424,0.09220162800906334
3,0.07222169637680054,0.9740346576029393,0.09209676559323406
3,0.09750674664974213,0.9655792590133062,0.09212570831972412
3,0.07037843018770218,0.9831564659427413,0.0920234537079937
3,0.12116542458534241,0.9578374986928767,0.09222768593020556
3,0.05865563079714775,0.9829461196243179,0.09203357110975696
3,0.16252142190933228,0.9492845002467214,0.0924053462642492
3,0.054626308381557465,0.9846008204480878,0.0922360705697972
3,0.06219146028161049,0.9800388134183514,0.09199001428813447
3,0.16266171634197235,0.9344387544395785,0.09247670702179482
3,0.07108381390571594,0.9781303825878127,0.09241988014422298
3,0.10002510994672775,0.9648290300069756,0.09245823431149774
3,0.06221082806587219,0.9825484009193215,0.09235117224975758
3,0.056139566004276276,0.9818745655777121,0.09216529729061616
3,0.0726725235581398,0.9741847275673476,0.09190603241692945
3,0.06663020700216293,0.9761568130662462,0.09160856358102783
3,0.08466914296150208,0.9720618987871144,0.09158533549574155
3,0.04883013293147087,0.983615717375629,0.09127336182061141
3,0.0436239168047905,0.9879716819025339,0.0909971696455611
3,0.16044621169567108,0.940347246920363,0.09128311842661434
3,0.04642929509282112,0.9884841144134893,0.09097193065594184
3,0.10154735296964645,0.9655902084786088,0.09102899009012676
3,0.14192436635494232,0.9503567967579908,0.09117775372334108
3,0.0961449146270752,0.9655782489918018,0.09120226385431163
3,0.06049284711480141,0.9807180601881329,0.09099260755332751
3,0.12444347143173218,0.9507270283479933,0.09113398219770158
3,0.05854612588882446,0.9868739383332426,0.09105402249478235
3,0.09402548521757126,0.97359911959247,0.09108664716560999
3,0.14407137036323547,0.9464773347897282,0.09123998750392098
3,0.04597198963165283,0.9906076464270184,0.09099309388752229
3,0.12802006304264069,0.9570441029975519,0.09115213392137414
3,0.04294798523187637,0.9884664005795193,0.09073799846242524
3,0.047153208404779434,0.9853376912973073,0.09039255402836609
3,0.04565759003162384,0.9870708491883297,0.08989002711861704
3,0.10723574459552765,0.962403328313635,0.08997276442206734
3,0.10152563452720642,0.9702499563013426,0.0900121412167585
3,0.0856306329369545,0.9753007138093684,0.08999107881193018
3,0.0550445131957531,0.9816663976200897,0.08963657426855842
3,0.05371725186705589,0.9837799043062185,0.08937516266501883
3,0.1450091153383255,0.9542710166508706,0.08961440582744071
3,0.06890255957841873,0.9758555322757643,0.08944778414701948
3,0.12732172012329102,0.9614615031889596,0.08965996706944093
3,0.05986888334155083,0.9825830753738822,0.08956884804920853
3,0.07525235414505005,0.9760619513671666,0.08944105459352283
3,0.10276345163583755,0.9666874072655868,0.089474117907879
3,0.07030653953552246,0.9773017340022875,0.08928041456905791
3,0.06038470193743706,0.9803845406875108,0.08903446283081647
3,0.13899241387844086,0.9541569541569518,0.08926217833447224
3,0.03838197514414787,0.9888295911662404,0.08891606847413909
3,0.07671093940734863,0.9739568834864342,0.08887300414084133
3,0.09944723546504974,0.9668997256394342,0.08891388285749335
3,0.17891161143779755,0.9427873358444435,0.08920197625252332
3,0.12972497940063477,0.9480471255443375,0.08933189776183294
3,0.07784921675920486,0.9790771529983157,0.08929023085779339
3,0.05992516875267029,0.9791057250313392,0.08914586610876327
3,0.11242900788784027,0.9585599460942377,0.08935042173629584
3,0.05619677156209946,0.979483454398707,0.08913479599712662
3,0.10071436315774918,0.9650476982147768,0.08916553120412458
3,0.05304950848221779,0.9852112358537312,0.08908155028588964
3,0.2733038365840912,0.918276411430845,0.08985721702355423
3,0.0504782572388649,0.9865043881437284,0.08975820487604802
3,0.053120579570531845,0.9820523791294142,0.08958877118507629
3,0.0920395776629448,0.9701484528706833,0.08960282497516674
3,0.08716428279876709,0.9679255282379755,0.08959185608932871
3,0.0721760019659996,0.9750468969829589,0.08949986832302509
3,0.15523596107959747,0.9451223232261577,0.08973007541770647
3,0.13526302576065063,0.9512224533478009,0.08989073023796881
3,0.06234753504395485,0.9803688751682076,0.08978518761587398
3,0.08066034317016602,0.9722279204077431,0.08972743431284871
3,0.048629771918058395,0.9871381509777797,0.08937859403041307
3,0.04891065135598183,0.9885323205078788,0.08915781308877097
3,0.09167401492595673,0.9778166254747102,0.08917020015114686
3,0.10265955328941345,0.9604717135957589,0.08922772018653849
3,0.08522917330265045,0.9781003036241069,0.0892095233143702
3,0.06671587377786636,0.982872611796551,0.08912537343766234
3,0.04765626788139343,0.9834796149490359,0.08884352429518197
3,0.05168458819389343,0.9849498799943498,0.08871675671350135
3,0.04167746379971504,0.987252726500164,0.08833759165060247
3,0.1374754160642624,0.9498114206312416,0.08847947128623632
3,0.14372368156909943,0.9494211586534937,0.08869618821833246
3,0.08558205515146255,0.9702637449955657,0.08868608528723981
3,0.043386898934841156,0.9863126479366048,0.08831605961174119
3,0.09255106002092361,0.9729487287304096,0.08833022976975498
3,0.04525405541062355,0.9877411985477074,0.08813170462421321
3,0.060628898441791534,0.9833797475854684,0.0880455697355312
3,0.07204654067754745,0.9762647831800223,0.08800765490742686
3,0.037087664008140564,0.989625960226863,0.08774358089116174
3,0.07327606528997421,0.97946989119244,0.08767761286664862
3,0.10292800515890121,0.9645374556414346,0.08773597747628697
3,0.06542928516864777,0.9772855765073633,0.08767180086714764
3,0.07913948595523834,0.9753347909264793,0.08764913394778336
3,0.05258132889866829,0.9835419314534359,0.08735721621125896
3,0.044432979077100754,0.9866485496543973,0.0869698516861757
3,0.06851393729448318,0.9764990290492571,0.08692845168057779
3,0.10274143517017365,0.9624191772312704,0.08698053676532959
3,0.11604775488376617,0.9622579432224079,0.08709028047786106
3,0.10646940767765045,0.9639379133845151,0.08714178823471838
3,0.05024847760796547,0.9848585469517838,0.0870197093521211
3,0.06568073481321335,0.9781882764298325,0.08681968468681855
3,0.054833609610795975,0.9853284597421033,0.08671027369930742
3,0.0500418096780777,0.9832561844978902,0.08648114237153497
3,0.05860816314816475,0.9796426867412377,0.08634658771862018
3,0.06684494763612747,0.9778581398299677,0.08629401785666109
3,0.04016793146729469,0.9877971406818353,0.0861063748614523
3,0.0604083351790905,0.9832631739108358,0.08602008766156691
3,0.09344016015529633,0.966734329081707,0.08604116697735029
3,0.11768422275781631,0.9575142349212867,0.08614516422033901
3,0.044527750462293625,0.9868856304985314,0.08599584983668405
3,0.08253476768732071,0.9740352166027664,0.08598297471371807
3,0.03866839036345482,0.9899970018261577,0.08583681428782695
3,0.10182631760835648,0.9609455000568865,0.08588377737589696
3,0.06598379462957382,0.97974436281795,0.08584281111215059
3,0.11207770556211472,0.9577823710960699,0.08591977619391528
3,0.05320056155323982,0.9821675421620114,0.08570657560810048
3,0.08370425552129745,0.97679089488953,0.08570216216849226
3,0.07199328392744064,0.9751883896176361,0.08566003462527004
4,0.041078608483076096,0.9872949774793894,0.041078608483076096
4,0.07733181118965149,0.9832145391712149,0.055806835778476144
4,0.07255616039037704,0.9830601639016542,0.05915133810989587
4,0.03937739133834839,0.9878421613935282,0.05198140793808315
4,0.0448494628071785,0.9871516688202429,0.05049254703640595
4,0.08165054768323898,0.9718381062836382,0.05520006623822288
4,0.0480220653116703,0.9852657275591912,0.05337002614006081
4,0.04458693414926529,0.9868011028991875,0.05194030833115237
4,0.07690807431936264,0.9761517615176117,0.05365807207664214
4,0.05091572552919388,0.9874026751846656,0.053353230463790216
4,0.05374576151371002,0.9802016016312285,0.053399517447846954
4,0.11467833071947098,0.9607256166206095,0.05775128585578005
4,0.08950472623109818,0.9682086508532768,0.060267396377104855
4,0.05516914650797844,0.9829551682560533,0.05997464202802711
4,0.037165574729442596,0.9885825552064411,0.058447440993927936
4,0.07463055849075317,0.9751924197356691,0.05922132858879642
4,0.05162250995635986,0.9868909712486755,0.05881168617622011
4,0.050645310431718826,0.9850304656352624,0.05840250037980737
4,0.06202219799160957,0.980926248159547,0.05853545008259459
4,0.055840443819761276,0.9804647911934282,0.058359129365704886
4,0.04580073431134224,0.9854448803948842,0.05781798117550551
4,0.05655389651656151,0.9793725448748419,0.05774523337628936
4,0.04649106413125992,0.9848373063322029,0.057311579450643815
4,0.04627332091331482,0.9851440472058296,0.056716037421027064
4,0.04863964021205902,0.9839392225890584,0.05597343093284226
4,0.07548400014638901,0.9746165687895536,0.05730846462495381
4,0.058829985558986664,0.9835650393361302,0.05733024618843255
4,0.062488384544849396,0.980069044879167,0.05741532245239364
4,0.03817060962319374,0.989676160147921,0.05686166573184235
4,0.042683202773332596,0.9879740980573515,0.05649682657225547
4,0.04638368636369705,0.9867241110417947,0.056135465018610144
4,0.04624588042497635,0.9910265419752367,0.05601047193010097
4,0.03739963099360466,0.9914467961728007,0.05558077710849198
4,0.11166590452194214,0.9599393741270142,0.056819786357962046
4,0.06538645178079605,0.977963200684637,0.05719359393157153
4,0.05216274410486221,0.9829232771842082,0.05696181778934374
4,0.06035127863287926,0.9810288969580994,0.05713744472064931
4,0.04579189792275429,0.9883094270790123,0.05690951383703941
4,0.11649031192064285,0.9580888225285568,0.057847820942161725
4,0.054783206433057785,0.9865845201898944,0.057786166349458164
4,0.039639998227357864,0.9886113503684544,0.05728812962092309
4,0.040597837418317795,0.9867020622864575,0.056612925966236856
4,0.03551499918103218,0.9930396738590005,0.0562998173062103
4,0.04388686642050743,0.9871002906976714,0.05610158065445966
4,0.05220320448279381,0.9821198938411434,0.05596907593616432
4,0.06746834516525269,0.9785191808417799,0.05644509234645763
4,0.09641364216804504,0.9646883019848587,0.05698994530775884
4,0.04298819601535797,0.9895585975694896,0.05681492978165221
4,0.03771296516060829,0.9889505264349575,0.05645045564419951
4,0.0507473424077034,0.984920826300135,0.056303315738222545
4,0.04345613345503807,0.9870848708487052,0.05614550107708174
4,0.09633184224367142,0.9665590945231725,0.056843466190585897
4,0.058896418660879135,0.9802210587550869,0.05686744672995844
4,0.07514162361621857,0.9745494948092047,0.05708587163217901
4,0.06917791068553925,0.9777167162268944,0.05721778397013731
4,0.03876236453652382,0.9876242058406017,0.05671081442173925
4,0.04572230577468872,0.9843319031566025,0.056496151741550225
4,0.07061858475208282,0.9779145148884716,0.056736294804273
4,0.057954318821430206,0.9814946785518173,0.05677316639007746
4,0.08334176987409592,0.9696998345544765,0.05717414602145291
4,0.041256047785282135,0.986527323092418,0.05691062447426486
4,0.04837379232048988,0.9855150045659195,0.056818094733327495
4,0.04052368924021721,0.9863068571127381,0.05631023408561801
4,0.09835445880889893,0.9661055247994541,0.05667570267363537
4,0.07370661944150925,0.9749834327369095,0.05691218869464208
4,0.060130804777145386,0.9794305706357803,0.056963173692359224
4,0.05332811921834946,0.9854398238573778,0.05693101162731385
4,0.08179733157157898,0.9714142984014182,0.05721022748668404
4,0.07421531528234482,0.9727043180873814,0.05738188908887748
4,0.07189646363258362,0.9749465724149237,0.05752313606960113
4,0.05587630346417427,0.9827984504389204,0.05750913907238217
4,0.06045778468251228,0.9805839550520392,0.05760249150797511
4,0.05458503216505051,0.9855165410720914,0.05758608826740508
4,0.05851878598332405,0.9833219877467624,0.05759275781254437
4,0.035874202847480774,0.9895232310962623,0.057345514814007945
4,0.05207410082221031,0.9855720382036123,0.05731609562156952
4,0.06682784110307693,0.9768195878209631,0.057391620002404345
4,0.06730572134256363,0.9755266103592118,0.05750229660265818
4,0.0967097356915474,0.9639846202687892,0.057810275545815276
4,0.061067525297403336,0.9802002817652173,0.05783491718866245
4,0.035841528326272964,0.9888441076898259,0.05746840401266751
4,0.05062226951122284,0.9851705136994973,0.05739635965307205
4,0.05988318845629692,0.9828263951540116,0.057416787693021165
4,0.06662042438983917,0.9806815715215941,0.05748358543952521
4,0.038979221135377884,0.9879981151774403,0.05697347523199416
4,0.04542873427271843,0.9836724345566318,0.05674605930238761
4,0.04761360585689545,0.9872904568861591,0.05666295154562314
4,0.039193570613861084,0.9885735732604912,0.05645538860521105
4,0.0857710912823677,0.9709597978699557,0.05667923657275486
4,0.04800241068005562,0.9847035565229526,0.05657426878080523
4,0.04144217073917389,0.9884212596489478,0.05642708888699781
4,0.038442064076662064,0.9869764563584695,0.05612869756099754
4,0.060431450605392456,0.9818074506127801,0.056158008009372345
4,0.056049637496471405,0.9822848680963076,0.056156208597166704
4,0.05050544813275337,0.9862650708828292,0.056127103447609884
4,0.03995003178715706,0.9862756970273592,0.05599930154403986
4,0.03873496875166893,0.9875745667354598,0.05572903289858899
4,0.07208724319934845,0.9741607495483343,0.055819575370509286
4,0.05194626376032829,0.9823695643004745,0.05577920976878587
4,0.06749133765697479,0.9775298863580447,0.05598292244542239
4,0.04188360273838043,0.9895538863312037,0.05587121945820025
4,0.044267039746046066,0.9858797675039527,0.05563597785687446
4,0.06355954706668854,0.9773346353497443,0.05576215045375151
4,0.06416583061218262,0.9810644149110148,0.05590176646929333
4,0.09538887441158295,0.9675405742821447,0.056200902328282246
4,0.040211405605077744,0.9859844571223201,0.05599035525222376
4,0.051419708877801895,0.9842794759825314,0.055925311010467986
4,0.047279562801122665,0.9861908939132374,0.055865897562553835
4,0.05100350081920624,0.9850643698171945,0.05584542135645269
4,0.0821545347571373,0.9705558367322606,0.05602324690646631
4,0.08553015440702438,0.9713695968916926,0.05625519493240662
4,0.04402575269341469,0.9859436193725988,0.056135829028206484
4,0.0424155555665493,0.9893235241342155,0.05604993226262787
4,0.07371256500482559,0.9722353547943399,0.056130518086313086
4,0.0723193883895874,0.9743911010604133,0.05623018763140066
4,0.12384183704853058,0.9543440943573814,0.056681089620032245
4,0.04436343163251877,0.9882319580320402,0.05660162898312563
4,0.04810968041419983,0.98556472081218,0.056543294007766115
4,0.07601848244667053,0.9744458040465525,0.05667278043608174
4,0.06608876585960388,0.9785942949973697,0.056744662775750035
4,0.06067037209868431,0.9806420531686552,0.05676147639429654
4,0.06255649775266647,0.9807123750527917,0.05679792893622783
4,0.06182059645652771,0.9803927965548709,0.05682549901366229
4,0.08864494413137436,0.9689149891301251,0.057023388423505676
4,0.05977823957800865,0.9828327622119164,0.05703765586225915
4,0.0531233549118042,0.9834437086092679,0.05701965653080892
4,0.05225667357444763,0.9862890624999963,0.056998621962863386
4,0.04645785689353943,0.9841642549008882,0.05689865534885555
4,0.06727977842092514,0.9777580728589339,0.05694883085815679
4,0.04464998096227646,0.9856626449462457,0.05673086433935717
4,0.04200296849012375,0.9877173532500846,0.05664698072269124
4,0.04658057913184166,0.9857235657129344,0.05653557873988467
4,0.06634815037250519,0.9754550227511334,0.056574236556664416
4,0.06981487572193146,0.9755899633200216,0.05664168950188404
4,0.04053298011422157,0.9892065679182426,0.05655083632332832
4,0.03559836000204086,0.988862932579994,0.05642565538065888
4,0.1294032782316208,0.9505928853754911,0.056816787473997404
4,0.0715782567858696,0.9746673032165633,0.05689694557457948
4,0.07649821788072586,0.9704364936529624,0.05702852059036507
4,0.0667279064655304,0.9778330225813113,0.05710346956610712
4,0.059125758707523346,0.9805453940804749,0.05711145823992513
4,0.07040686905384064,0.9765914088057034,0.05718873186638732
4,0.05926613137125969,0.9805116279069744,0.057202643520121735
4,0.04947979375720024,0.9832620984420213,0.05715929933095617
4,0.08753766119480133,0.9688582348023379,0.05731501086363282
4,0.0430920347571373,0.9864857239589183,0.05723782389459295
4,0.06087500974535942,0.9784251514277454,0.05726644218061588
4,0.046338241547346115,0.9852926709296581,0.0571992732505392
4,0.0841279998421669,0.9695801199657211,0.05733664881959689
4,0.06856057047843933,0.9762853259595984,0.05740892481622495
4,0.0704307034611702,0.9745290237947711,0.05746427524156665
4,0.04027651622891426,0.9882822343553108,0.057343325912194036
4,0.035785287618637085,0.9919954259576869,0.05724990631872272
4,0.05330300331115723,0.9820797210248446,0.05721479572457795
4,0.03634355589747429,0.9894648124736599,0.05707135612276262
4,0.10836627334356308,0.9588564805872103,0.057375145720094854
4,0.05646776780486107,0.9819027271584738,0.05737104818280326
4,0.04339173808693886,0.9849563137599443,0.057171515382702424
4,0.046164240688085556,0.9842715753640532,0.05707519890529093
4,0.03476497158408165,0.9900067069081131,0.05693637449109745
4,0.06503872573375702,0.9775608964827354,0.056979449831373846
4,0.07129018753767014,0.9740893624142327,0.05705064806868374
4,0.03357798233628273,0.9891776009918354,0.05692633414401469
4,0.060393646359443665,0.9827667425610388,0.056938264800793906
4,0.039148960262537,0.9866053457853625,0.056703424694547214
4,0.06943143904209137,0.9760121981103793,0.056768471470202135
4,0.04050907492637634,0.987896128746919,0.056533760115774184
4,0.08781769871711731,0.9677964890550914,0.05670533192019209
4,0.06393943727016449,0.9788192331101613,0.05673759836042035
4,0.04805167391896248,0.9845311910982841,0.056652330936737466
4,0.05484054610133171,0.9820321321737733,0.05664062280884414
4,0.07026255875825882,0.9741288815143376,0.05669417201269599
4,0.049302536994218826,0.9880817253121413,0.056671120849268466
4,0.03532712534070015,0.9885551527705826,0.05656637635068555
4,0.0773535892367363,0.9700776287932218,0.056641467049197744
4,0.041510820388793945,0.9851537645811229,0.05648097880710522
4,0.07839575409889221,0.9696996107140753,0.05657865832302025
4,0.0695602148771286,0.975930709618596,0.056632094882931194
4,0.05256374552845955,0.9807618357010218,0.05658722764140855
4,0.052374497056007385,0.9842650103519629,0.05657424723918601
4,0.052434224635362625,0.9842638691322859,0.05656299591762068
4,0.09950502216815948,0.9639841590076939,0.05677136221267896
4,0.05090795084834099,0.9824204041825599,0.056715023139268565
4,0.04119737446308136,0.98612871681576,0.05661406782828734
4,0.0906771644949913,0.9653044518607111,0.056742124194411526
4,0.06983962655067444,0.9748958248222874,0.056818924365289625
4,0.0812348797917366,0.9718996975314633,0.05690690474413527
4,0.04087619483470917,0.9909604519773973,0.056858907362987564
4,0.03925349935889244,0.9886166716462473,0.056790477032973984
4,0.04865175485610962,0.9852418996893003,0.05675646917365549
4,0.06249802187085152,0.9796632649301811,0.056774410453094275
4,0.08174102753400803,0.9733460076045591,0.05684999060793531
4,0.07595056295394897,0.9749134382962013,0.05692031744824821
4,0.050462741404771805,0.9829118343762395,0.056867060036143204
4,0.05228635296225548,0.9843336204971094,0.05685077632029117
4,0.04104746878147125,0.9853844835606017,0.056777413540007815
4,0.040030766278505325,0.9874161804406492,0.056690423169804015
4,0.040766824036836624,0.9861611578657524,0.05654341426379529
4,0.03888903558254242,0.986367834332764,0.05639467788637932
4,0.03585580363869667,0.9901938896426162,0.05626245392645379
4,0.0779990404844284,0.9701008732673723,0.05636208693321085
4,0.039425112307071686,0.987377748959852,0.056193860912523264
4,0.10056803375482559,0.961930257622637,0.05633128646898556
4,0.03823397308588028,0.9904170669819895,0.056252557790451976
4,0.0489848367869854,0.983807150199241,0.05619800421577709
4,0.053870223462581635,0.984749505451532,0.05618727354594098
4,0.03968061879277229,0.9882006456606676,0.05609444136164473
4,0.03895487263798714,0.987312237364473,0.055941314309336854
4,0.04670745134353638,0.9862399798018021,0.0559109150098988
4,0.06113826110959053,0.9805043625840402,0.055936202769414405
4,0.055081892758607864,0.9805969893651619,0.055931108180499525
4,0.050622839480638504,0.981674932292215,0.05588521536753243
4,0.0813780128955841,0.972552375518998,0.05596709693397502
4,0.03839441388845444,0.9883205844148624,0.05580860012199217
4,0.06154680624604225,0.9798075555766177,0.05582139800194861
4,0.09442906081676483,0.9694423791821537,0.05597764443866659
4,0.03889169543981552,0.9912571323394044,0.055922127299393255
4,0.03691563010215759,0.9912356459712728,0.05586313080721238
4,0.06508752703666687,0.9766258290346329,0.05590345989848118
4,0.03912600129842758,0.9867450546783336,0.05578188138837478
4,0.036786746233701706,0.9888173432106719,0.055689087625206975
4,0.06424830108880997,0.9787701758612353,0.05571721865183285
4,0.07833671569824219,0.9728829849311744,0.05578130653300399
4,0.056861646473407745,0.9827023210660976,0.05578367287543769
4,0.053485941141843796,0.9843895714227752,0.05577791831200369
4,0.06909465044736862,0.9830557613632672,0.05581774698836563
4,0.06703101843595505,0.9767652791447133,0.0558736687816043
4,0.06896064430475235,0.9754919150594157,0.05590743083235304
4,0.10649672150611877,0.9606482336003509,0.05603836684442432
4,0.03164612501859665,0.9940580912863038,0.05596845694056718
4,0.04477802291512489,0.9880797355504325,0.05593667146445682
4,0.048300210386514664,0.9851522676774265,0.05588196427703057
4,0.04197691008448601,0.985757422188436,0.0557595491181148
4,0.04568251967430115,0.9877839743125444,0.05572063117970751
4,0.04311153292655945,0.9894299348350302,0.055697881625870874
4,0.05603161081671715,0.9817458211727238,0.05570075964390993
4,0.09291652590036392,0.9652994519672631,0.05584005090054222
4,0.046697262674570084,0.9868925316414899,0.05581406421038763
4,0.12064042687416077,0.9581577884226901,0.05601932037269403
4,0.03851408138871193,0.990191227406348,0.05596458753047752
4,0.06258920580148697,0.9782572448060795,0.05598286405105126
4,0.04550977423787117,0.9845274645104386,0.05595169849979843
4,0.058925069868564606,0.9810294841638849,0.055975916575430384
4,0.09221716225147247,0.9694072151295201,0.056098334920248336
4,0.06856507062911987,0.9771865820145906,0.05614603292588281
4,0.039371784776449203,0.9884164713759602,0.056078852510192546
4,0.04646226763725281,0.9856842852494868,0.05605008474646793
4,0.05812632292509079,0.9812208316311992,0.05606470715627822
4,0.06238534301519394,0.9782665296334347,0.05610466491305874
4,0.04149985685944557,0.9875637393767677,0.0560597788409742
4,0.07531693577766418,0.9737419397726486,0.056110791094305966
4,0.0411384217441082,0.984665070689732,0.05599728797961035
4,0.06638797372579575,0.9766222089015411,0.05603355999040868
4,0.07202441245317459,0.973714492001532,0.05609518396952598
4,0.03792406991124153,0.9902968505879423,0.05603878825451303
4,0.08017954230308533,0.9703377313903088,0.056122215100165115
4,0.053383246064186096,0.9823394605682767,0.05610789084059518
4,0.05099394544959068,0.9840276152585976,0.05609316416304127
4,0.06658761948347092,0.9772508072294188,0.05613521908834722
4,0.0397467240691185,0.9867628027361796,0.05598867462000625
4,0.06395266205072403,0.9779406549237475,0.05601708498436849
4,0.06019938364624977,0.9799108236562276,0.05603141292265435
4,0.06666377186775208,0.9739388607873288,0.056056527414109325
4,0.05475671961903572,0.9847218808880112,0.056053929086199154
5,0.09715632349252701,0.9662519089702802,0.09715632349252701
5,0.042360544204711914,0.9856219133445334,0.0582781690146016
5,0.05143525078892708,0.9851103334999608,0.057123690821896
5,0.03490973263978958,0.9891160614383049,0.05283648490773995
5,0.04115990921854973,0.9880845366739963,0.050448395901496336
5,0.03590455651283264,0.9882803515894513,0.04640112438252768
5,0.05393518507480621,0.9829837328767072,0.0467742710972655
5,0.0763765498995781,0.975725806451609,0.04860625183287261
5,0.04218697547912598,0.9869016755020682,0.0478674268219121
5,0.08663995563983917,0.9697775456423139,0.0511720244212881
5,0.05267804116010666,0.9826095834467726,0.05139839684682458
5,0.07965829223394394,0.9753599753599717,0.052604301884786674
5,0.0517684742808342,0.98438826525799,0.052576241483959764
5,0.06393660604953766,0.9770230247444303,0.052940510748383456
5,0.05117461085319519,0.9836229161775053,0.05273726572868997
5,0.05849963054060936,0.9828637074384882,0.05297223531073883
5,0.08413129299879074,0.9700949609434792,0.053998670763708866
5,0.03624863922595978,0.9907960981749502,0.0531845133326454
5,0.04072681441903114,0.9896267807811033,0.052654930393827216
5,0.044230420142412186,0.9864461576722191,0.052137154556751386
5,0.03757699951529503,0.9907057285224548,0.05170497234206696
5,0.06983672082424164,0.9756254008980086,0.05231658882715305
5,0.047643423080444336,0.9869606806625335,0.052224576352994476
5,0.0494830347597599,0.9831921629730296,0.052070473587461925
5,0.035608191043138504,0.9881140524166985,0.05078065392286354
5,0.04183286055922508,0.9855165664756033,0.050262290625072426
5,0.05995332822203636,0.9819145845438664,0.05047443139230195
5,0.08255963772535324,0.9747483491207652,0.05147774923266742
5,0.06476911157369614,0.9793791432942346,0.05179145617151119
5,0.058244142681360245,0.9828723788864743,0.05190260199074292
5,0.03899706155061722,0.9867149177647386,0.05115764946810714
5,0.03424040973186493,0.9900016458196161,0.05059830627185402
5,0.037127815186977386,0.9907536076964163,0.05026674667490663
5,0.0723612830042839,0.9737434596480071,0.05073749544414718
5,0.035898588597774506,0.9916846770943955,0.05048140308816964
5,0.05299177020788193,0.983390844260405,0.05051722796067331
5,0.047608282417058945,0.9833117741545708,0.050395679155062316
5,0.054904110729694366,0.9822525597269584,0.05046109567179722
5,0.03950662538409233,0.9858320015414771,0.04992243968757241
5,0.04147244244813919,0.9859837532699972,0.049594238291379746
5,0.04815749078989029,0.9828840532640452,0.04954842786034092
5,0.07234284281730652,0.9734355863999504,0.04996739925473648
5,0.07229452580213547,0.972559389630653,0.05024094672846888
5,0.03663867712020874,0.9894010043041589,0.04986470745133431
5,0.04089858755469322,0.988258057675994,0.04970160962225149
5,0.04132145643234253,0.9886682465745934,0.049555502217352644
5,0.10218030959367752,0.9639608652449708,0.050200557720119804
5,0.043421950191259384,0.9887506586936078,0.050064893536591173
5,0.059733886271715164,0.980049099270423,0.050197474284732216
5,0.0707637146115303,0.9775184343294312,0.05054357877828982
5,0.03805183246731758,0.9875037250422152,0.050267373900978074
5,0.04641929268836975,0.9880316953722528,0.05020750044305052
5,0.0544670894742012,0.9846956450856901,0.05029540943639249
5,0.03425772115588188,0.9897599851728269,0.05000793197733694
5,0.04058177396655083,0.9871011641495185,0.04975414929397094
5,0.04832632467150688,0.9839958021776162,0.04974121209911526
5,0.06807674467563629,0.9758551780886305,0.050051309333614125
5,0.06481388211250305,0.9772131478120567,0.05030871903100664
5,0.07702343165874481,0.9724206131194347,0.05069377104985339
5,0.0397346056997776,0.9869109047127606,0.05045576834550428
5,0.03894052654504776,0.9912324829320842,0.050338462002409115
5,0.04253304749727249,0.9863789305838939,0.05013377582701742
5,0.06283548474311829,0.9794135122854812,0.05026834402126728
5,0.07536466419696808,0.9724176752040484,0.05046528950155465
5,0.03783278912305832,0.9917591226832522,0.050329083752452035
5,0.04543820396065712,0.9870429185755614,0.050269497172088874
5,0.08542654663324356,0.9688727343692801,0.05075646541547343
5,0.061804331839084625,0.9789361098378168,0.05092768846610838
5,0.03683789446949959,0.9900582046925256,0.05067100496685994
5,0.06435931473970413,0.9752031183957124,0.05077012314617825
5,0.07070544362068176,0.9768742058449779,0.05097148524360788
5,0.05942387878894806,0.9822276104003276,0.05107699673176063
5,0.06348183006048203,0.9785364629094996,0.05126531252063552
5,0.0565115362405777,0.9845081778392046,0.051321584522738176
5,0.046890150755643845,0.9842281879194611,0.051253226957271976
5,0.04388021305203438,0.9879482657260403,0.05118539251491569
5,0.035870470106601715,0.9916017491529321,0.05102815219009791
5,0.04239887744188309,0.9847370822980562,0.05087978334819012
5,0.03256519138813019,0.9904766834014777,0.050673564259936285
5,0.06445562094449997,0.9768679578378914,0.05082798545540312
5,0.03654700517654419,0.9874943655297547,0.05048487517858213
5,0.04844657704234123,0.9839758337167643,0.05045676742011901
5,0.0484483577311039,0.983178733031673,0.05040934255873282
5,0.047299839556217194,0.9846741430899822,0.050375275650012104
5,0.0673256441950798,0.975748999707229,0.05056121192371488
5,0.05959862843155861,0.9807606596345243,0.05065784443158253
5,0.04818408936262131,0.9860037998733345,0.05063765428140896
5,0.05546841770410538,0.9806920282928657,0.05066996169480691
5,0.0648755431175232,0.9770818754373659,0.05079560456358562
5,0.0582733228802681,0.9801980198019786,0.05091674868440789
5,0.03365050628781319,0.9909374925472777,0.0507363514784806
5,0.037696827203035355,0.988631504816517,0.050608471086532665
5,0.07053323090076447,0.9749959972247398,0.05079278107976285
5,0.043526384979486465,0.9877188992494857,0.05072371722019292
5,0.055340006947517395,0.9819062649098947,0.05075368450484013
5,0.06940723210573196,0.9758419243986222,0.050884219068833766
5,0.04884764179587364,0.9870788943276672,0.05087092427979405
5,0.061936620622873306,0.9795324730272874,0.05097018489142077
5,0.07154367864131927,0.9738138305273383,0.051149398989073905
5,0.03785024955868721,0.9877211542790246,0.05088289240815709
5,0.08808756619691849,0.969773299748108,0.05117585039910967
5,0.050994325429201126,0.9855257003274231,0.051174289979582094
5,0.04012243449687958,0.9883372856976227,0.05104769890222592
5,0.03825128450989723,0.9871634540850591,0.05078185859876592
5,0.03670530021190643,0.9882698225751292,0.05047060595446999
5,0.04195784404873848,0.9888141987937376,0.050403525267632275
5,0.045778460800647736,0.9870880817380536,0.05036930681644642
5,0.03866047039628029,0.9865877624435132,0.050155190092197
5,0.034715570509433746,0.9927031787301812,0.050080515701514755
5,0.0405953973531723,0.9884307169771241,0.050008312950148306
5,0.041618332266807556,0.9848395983293327,0.049914852103303216
5,0.04411796107888222,0.9874744724302219,0.04987261535267063
5,0.05329582095146179,0.9829004228428002,0.049887081528084444
5,0.03471697121858597,0.989780071138718,0.049767871546360275
5,0.042425885796546936,0.9862428143271252,0.04962539792270082
5,0.03778046742081642,0.9918331234899752,0.049559134163341866
5,0.08347029238939285,0.9697745901639316,0.04979518098332862
5,0.04361211881041527,0.9858976235787814,0.04972446807342571
5,0.03921882063150406,0.9883824843610343,0.0496437449135283
5,0.06265999376773834,0.9803430803980192,0.04972627712984387
5,0.04415314272046089,0.9869250388437733,0.04965742808864091
5,0.05860303342342377,0.9799384156013765,0.049694001491317676
5,0.04321346431970596,0.9849270398348414,0.04959579565333124
5,0.04653673619031906,0.9847790599493375,0.04954827539707727
5,0.07342404127120972,0.9743826982015816,0.049699511395627456
5,0.034438516944646835,0.989814533292792,0.0495766545701515
5,0.03272183611989021,0.9910084147665563,0.0494044931894286
5,0.04476146772503853,0.9851919836714552,0.04934734347291744
5,0.04422486200928688,0.9850706768790071,0.04929250493814695
5,0.05573295056819916,0.9847389558232907,0.049336703292201876
5,0.059479039162397385,0.9805328298720328,0.04937880281623745
5,0.03907718509435654,0.9865111154586725,0.04921631705692836
5,0.060330577194690704,0.9808878956672528,0.0492730150848295
5,0.03308941796422005,0.992957959319367,0.04918651883834224
5,0.06291044503450394,0.9786078863090447,0.04927615056747837
5,0.038476765155792236,0.9872692029699701,0.04917222126479906
5,0.07344989478588104,0.9713359185432093,0.049344315028351196
5,0.04212004318833351,0.9862879529872658,0.04927444397842131
5,0.03508850559592247,0.9897444334759222,0.04915306251730497
5,0.09439446032047272,0.968048925083463,0.04937683678221876
5,0.04019773378968239,0.987134898569721,0.04924553554959966
5,0.06991919130086899,0.9757441586254999,0.049377559310492806
5,0.04445255175232887,0.984852738346616,0.04931772783860625
5,0.04841235652565956,0.9891545848239466,0.049314163912598484
5,0.051472634077072144,0.9818008692580575,0.04933471620854036
5,0.06811869889497757,0.9757602119498576,0.04947610820221203
5,0.04236254096031189,0.9892515810668983,0.049439662437410416
5,0.09480256587266922,0.9671495380403751,0.049612602807865926
5,0.04728817567229271,0.9855199244918138,0.04959804251606303
5,0.0470467135310173,0.9833975118483398,0.049573648989816005
5,0.039848584681749344,0.9868006673708933,0.04943600388303972
5,0.05450629070401192,0.983206304095074,0.04945332746855898
5,0.08754315227270126,0.9691200434546415,0.04964916622920008
5,0.04293574020266533,0.9880509243329445,0.049619446950515456
5,0.04764436557888985,0.9873708030089873,0.04961052057873693
5,0.03973540663719177,0.9867854531668869,0.049462523643713084
5,0.04623386263847351,0.9849043052655366,0.049430056177064946
5,0.03825797885656357,0.9864798598949195,0.04934540005871495
5,0.03988593816757202,0.9873440320564936,0.04928155626453501
5,0.06753410398960114,0.9767232098693561,0.04936831708583011
5,0.05939694494009018,0.9797403338564674,0.049415286053962025
5,0.04454394057393074,0.9895910050571955,0.04940232471156124
5,0.0413818284869194,0.9889737659728526,0.04935760480144238
5,0.049892619252204895,0.9837917387586241,0.04936109695691467
5,0.03746393695473671,0.988210941350417,0.049282761167701014
5,0.04878588765859604,0.9873473917868991,0.04928132859084761
5,0.06929716467857361,0.9755323242688527,0.04936234474758594
5,0.04112992063164711,0.9889740282730167,0.049321008025674865
5,0.07029585540294647,0.9727686588982126,0.04938790183572053
5,0.08443111926317215,0.9703087885985711,0.04949977800264149
5,0.042231880128383636,0.9857301118379391,0.04943120296392839
5,0.033961378037929535,0.9904474520587062,0.04932255271931568
5,0.034308385103940964,0.9909016351427521,0.04925014670080993
5,0.08599463850259781,0.972431677638137,0.049363783902027045
5,0.05109024420380592,0.9863295954352698,0.04936912761795079
5,0.05156446248292923,0.986659225597276,0.049379249100285655
5,0.03649372607469559,0.9892517868451985,0.04929196026269715
5,0.06020086258649826,0.9792372393132827,0.0493501722602443
5,0.08734474331140518,0.9708023583696462,0.04952883230891024
5,0.05863101780414581,0.9814497528830282,0.049563542849477886
5,0.048244789242744446,0.9831254124375436,0.04955362783699393
5,0.03506999835371971,0.9893553163391873,0.04946727872347863
5,0.07618280500173569,0.9739335591156401,0.0495500456620225
5,0.0367092564702034,0.9909049883708787,0.049506642331189135
5,0.03510533645749092,0.98909142425387,0.04943478914309012
5,0.046032000333070755,0.9834944588540422,0.04941149930059516
5,0.04337148740887642,0.9871418278556763,0.04937343942529998
5,0.06848707795143127,0.9755535377523201,0.04946931810582965
5,0.039925139397382736,0.9866075564083888,0.04938773267419608
5,0.049508463591337204,0.9845620232154816,0.04938900236627621
5,0.06555476039648056,0.9774315957659249,0.04945358570209562
5,0.03284382075071335,0.9896143907771789,0.04937840240335357
5,0.042969442903995514,0.9886150872742616,0.04935482083424051
5,0.04868633300065994,0.9842226648495623,0.049351991449962114
5,0.06643164157867432,0.9780714764400196,0.049521393133975994
5,0.09012918174266815,0.9674677773400097,0.049679233756250295
5,0.04721046984195709,0.9865258000306195,0.04967222632239014
5,0.051062215119600296,0.9854951848769439,0.04967730645811264
5,0.036502543836832047,0.9873099953938266,0.04955499619535165
5,0.04135396331548691,0.9873881882326777,0.049507240578501616
5,0.037486497312784195,0.9875998318621253,0.049428843194810494
5,0.038102470338344574,0.9898565497352236,0.04938069165720642
5,0.0493735708296299,0.9855636454933436,0.04938066772071834
5,0.045758187770843506,0.984772823181881,0.04934857098311223
5,0.08231145143508911,0.9692659178067262,0.04948065024107775
5,0.033694006502628326,0.9896712134353045,0.049417992629816346
5,0.03382232412695885,0.9899264289756626,0.049346409391931724
5,0.04508509859442711,0.982986457697062,0.04931728214825422
5,0.04755117744207382,0.9874116855444628,0.049310842070870886
5,0.06821722537279129,0.9779453807825278,0.049384784108127903
5,0.09322083741426468,0.9646887409650573,0.049540370260099824
5,0.045832231640815735,0.9843884449907788,0.049519248705283646
5,0.06314678490161896,0.9795538032295932,0.04964467454864665
5,0.04158024489879608,0.9855018527208281,0.049595575601570345
5,0.06564891338348389,0.9764281752634478,0.049677042331263535
5,0.05007784441113472,0.9839639493341974,0.049678986323113496
5,0.09434286504983902,0.9682721561499824,0.04978980237012517
5,0.0473153181374073,0.9860106003465472,0.049780310555450354
5,0.07023659348487854,0.9756667801611599,0.0498694373248534
5,0.050185780972242355,0.9873694932518412,0.04987003785587746
5,0.04142255336046219,0.985747076826492,0.04978778781587817
5,0.04815316200256348,0.9860420579678084,0.04978354690386662
5,0.06751784682273865,0.9757796035551726,0.04983986225324984
5,0.06044263020157814,0.9813957550877764,0.04986291796680664
5,0.08436979353427887,0.9713462881079794,0.04997570418130861
5,0.07893596589565277,0.9739487041581197,0.050057315909900806
5,0.055625613778829575,0.9819040755865123,0.05007109346786409
5,0.07831550389528275,0.9699285546966474,0.05016200016598411
5,0.06061737239360809,0.9802303490857249,0.05019661367382309
5,0.04077987000346184,0.9870069492023075,0.05016056226832941
5,0.08313450217247009,0.9694909832460277,0.050237480776688534
5,0.04389410838484764,0.9882185396167757,0.050219227064735236
5,0.04120201990008354,0.9861837530610379,0.05016440267015884
5,0.06585293263196945,0.9759235975495546,0.05021933575870916
5,0.04433223977684975,0.9856533013259645,0.05017212978202351
5,0.049707312136888504,0.9828095478857846,0.050170537349729094
5,0.04294940084218979,0.9908506545300945,0.05015658823089833
5,0.07019815593957901,0.9738665485493689,0.05021491552244422
5,0.05520441383123398,0.9828704074281559,0.0502261610472374
5,0.043609246611595154,0.987406604000961,0.050206335034808106
5,0.06824370473623276,0.9738579863269075,0.05025012544045646
5,0.03892197087407112,0.9855085374907187,0.05018232678541379
5,0.06432611495256424,0.9775104602510439,0.05024360786284599
5,0.053564805537462234,0.9832308552263809,0.05025522243464629
5,0.04100910201668739,0.9869361322018739,0.050210972665705594
5,0.04707133024930954,0.9897550879613627,0.05020297029636167
5,0.041712597012519836,0.9882567321320076,0.050177156501712984
5,0.03449701517820358,0.9891240060458687,0.05005315649919992
5,0.07031065225601196,0.9731898314238284,0.05010108677917154
5,0.031551651656627655,0.9934970288148868,0.050043814456285064
5,0.066522017121315,0.9772591134691062,0.050111465346165535
5,0.07778868079185486,0.9721810511914241,0.050217568288758584
5,0.04880357161164284,0.9840159271899858,0.05021330357049138
5,0.08177977800369263,0.9709349168929575,0.05030379797895949
5,0.06613089144229889,0.975772087171783,0.050338707087258204
5,0.07670938968658447,0.973794509685455,0.050398118897028235
5,0.09284860640764236,0.9700997506234389,0.05054258657052757
5,0.03721662610769272,0.9902625589525774,0.05049467446566597
5,0.04162737354636192,0.9859489816777293,0.05042600197775159
5,0.1005670428276062,0.9630988347000408,0.050600872153206695
5,0.08977941423654556,0.9687965791081222,0.05073449026963039
5,0.048022832721471786,0.9869458797933065,0.05072788165385006
5,0.08739161491394043,0.9700122216591618,0.050829837192506645
5,0.0425393283367157,0.9871051468963966,0.05080501710833287
